1000000032,RF35907738000001000000032
1000000033,RF08907738000001000000033
1000000037,RF94907738000001000000037
1000000038,RF67907738000001000000038
1000000039,RF40907738000001000000039
1000000041,RF83907738000001000000041
1000000047,RF18907738000001000000047
1000000050,RF34907738000001000000050
1000000051,RF07907738000001000000051
1000000052,RF77907738000001000000052
1000000053,RF50907738000001000000053
1000000054,RF23907738000001000000054
1000000055,RF93907738000001000000055
1000000056,RF66907738000001000000056
1000000057,RF39907738000001000000057
1000000058,RF12907738000001000000058
1000000060,RF55907738000001000000060
1000000061,RF28907738000001000000061
1000000062,RF98907738000001000000062
1000000063,RF71907738000001000000063
1000000064,RF44907738000001000000064
1000000065,RF17907738000001000000065
1000000066,RF87907738000001000000066
1000000067,RF60907738000001000000067
1000000068,RF33907738000001000000068
1000000069,RF06907738000001000000069
1000000070,RF76907738000001000000070
1000000071,RF49907738000001000000071
1000000072,RF22907738000001000000072
1000000073,RF92907738000001000000073
1000000090,RF21907738000001000000090
1000000094,RF10907738000001000000094
1000000095,RF80907738000001000000095
1000000098,RF96907738000001000000098
1000000100,RF42907738000001000000100
1000000101,RF15907738000001000000101
1000000103,RF58907738000001000000103
1000000114,RF52907738000001000000114
1000000115,RF25907738000001000000115
1000000116,RF95907738000001000000116
1000000117,RF68907738000001000000117
1000000118,RF41907738000001000000118
1000000121,RF57907738000001000000121
1000000122,RF30907738000001000000122
1000000124,RF73907738000001000000124
1000000125,RF46907738000001000000125
1000000127,RF89907738000001000000127
1000000128,RF62907738000001000000128
1000000129,RF35907738000001000000129
1000000132,RF51907738000001000000132
1000000133,RF24907738000001000000133
1000000135,RF67907738000001000000135
1000000136,RF40907738000001000000136
1000001457,RF69907738000001000001457
1000001458,RF42907738000001000001458
1000001464,RF74907738000001000001464
1000001466,RF20907738000001000001466
1000001467,RF90907738000001000001467
1000001468,RF63907738000001000001468
1000001470,RF09907738000001000001470
1000001471,RF79907738000001000001471
1000001472,RF52907738000001000001472
1000001473,RF25907738000001000001473
1000001475,RF68907738000001000001475
1000001476,RF41907738000001000001476
1000001477,RF14907738000001000001477
1000001478,RF84907738000001000001478
1000001479,RF57907738000001000001479
1000001481,RF03907738000001000001481
1000001482,RF73907738000001000001482
1000001483,RF46907738000001000001483
1000001484,RF19907738000001000001484
1000001486,RF62907738000001000001486
1000001487,RF35907738000001000001487
1000001488,RF08907738000001000001488
1000001489,RF78907738000001000001489
1000001490,RF51907738000001000001490
1000001491,RF24907738000001000001491
1000001492,RF94907738000001000001492
1000001493,RF67907738000001000001493
1000001494,RF40907738000001000001494
1000001495,RF13907738000001000001495
1000001496,RF83907738000001000001496
1000001497,RF56907738000001000001497
1000001498,RF29907738000001000001498
1000001499,RF02907738000001000001499
1000007000,RF79907738000001000007000
1000008000,RF45907738000001000008000
1000008001,RF18907738000001000008001
1000009000,RF11907738000001000009000
1000009001,RF81907738000001000009001
1000009002,RF54907738000001000009002
1000009003,RF27907738000001000009003
1000009004,RF97907738000001000009004
1000009005,RF70907738000001000009005
1000010000,RF74907738000001000010000
1000011001,RF13907738000001000011001
1000011002,RF83907738000001000011002
1000011003,RF56907738000001000011003
1000011004,RF29907738000001000011004
1000011005,RF02907738000001000011005
1000011006,RF72907738000001000011006
1000011007,RF45907738000001000011007
1000012000,RF06907738000001000012000
1000012001,RF76907738000001000012001
1000012002,RF49907738000001000012002
1000012003,RF22907738000001000012003
1000012004,RF92907738000001000012004
1000013000,RF69907738000001000013000
1000014000,RF35907738000001000014000
1000015000,RF98907738000001000015000
1000016000,RF64907738000001000016000
1000016001,RF37907738000001000016001
1000016002,RF10907738000001000016002
1000016003,RF80907738000001000016003
1000016004,RF53907738000001000016004
1000017000,RF30907738000001000017000
1000018000,RF93907738000001000018000
1000018001,RF66907738000001000018001
1000018002,RF39907738000001000018002
1000018003,RF12907738000001000018003
1000018004,RF82907738000001000018004
1000018005,RF55907738000001000018005
1000019000,RF59907738000001000019000
1000019001,RF32907738000001000019001
1000019002,RF05907738000001000019002
1000019003,RF75907738000001000019003
1000019004,RF48907738000001000019004
1000020000,RF25907738000001000020000
1000020002,RF68907738000001000020002
1000020003,RF41907738000001000020003
1000020005,RF84907738000001000020005
1000020006,RF57907738000001000020006
1000020007,RF30907738000001000020007
1000020008,RF03907738000001000020008
1000020009,RF73907738000001000020009
1000020010,RF46907738000001000020010
1000020011,RF19907738000001000020011
1000020012,RF89907738000001000020012
1000021000,RF88907738000001000021000
1000021001,RF61907738000001000021001
1000021002,RF34907738000001000021002
1000021004,RF77907738000001000021004
1000021005,RF50907738000001000021005
1000021006,RF23907738000001000021006
1000022000,RF54907738000001000022000
1000023000,RF20907738000001000023000
1000023001,RF90907738000001000023001
1000023003,RF36907738000001000023003
1000024000,RF83907738000001000024000
1000024001,RF56907738000001000024001
1000025000,RF49907738000001000025000
1000026000,RF15907738000001000026000
1000026001,RF85907738000001000026001
1000026002,RF58907738000001000026002
1000027000,RF78907738000001000027000
1000027001,RF51907738000001000027001
1000027002,RF24907738000001000027002
1000027003,RF94907738000001000027003
1000027004,RF67907738000001000027004
1000027005,RF40907738000001000027005
1000028000,RF44907738000001000028000
1000028001,RF17907738000001000028001
1000028002,RF87907738000001000028002
1000028003,RF60907738000001000028003
1000028004,RF33907738000001000028004
1000028005,RF06907738000001000028005
1000028006,RF76907738000001000028006
1000029000,RF10907738000001000029000
1000029002,RF53907738000001000029002
1000029003,RF26907738000001000029003
1000029005,RF69907738000001000029005
1000029006,RF42907738000001000029006
1000030000,RF73907738000001000030000
1000030001,RF46907738000001000030001
1000030002,RF19907738000001000030002
1000031003,RF55907738000001000031003
1000031004,RF28907738000001000031004
1000031007,RF44907738000001000031007
1000031009,RF87907738000001000031009
1000031010,RF60907738000001000031010
1000031012,RF06907738000001000031012
1000032000,RF05907738000001000032000
1000032001,RF75907738000001000032001
1000033000,RF68907738000001000033000
1000034000,RF34907738000001000034000
1000035000,RF97907738000001000035000
1000036000,RF63907738000001000036000
1000037000,RF29907738000001000037000
1000040000,RF24907738000001000040000
1000041000,RF87907738000001000041000
1000043000,RF19907738000001000043000
1000044000,RF82907738000001000044000
1000044001,RF55907738000001000044001
1000044002,RF28907738000001000044002
1000044003,RF98907738000001000044003
1000000034,RF94908818000001000000034
1000000035,RF67908818000001000000035
1000000036,RF40908818000001000000036
1000000040,RF29908818000001000000040
1000000042,RF72908818000001000000042
1000000043,RF45908818000001000000043
1000000044,RF18908818000001000000044
1000000045,RF88908818000001000000045
1000000046,RF61908818000001000000046
1000000048,RF07908818000001000000048
1000000049,RF77908818000001000000049
1000000059,RF98908818000001000000059
1000000074,RF81908818000001000000074
1000000075,RF54908818000001000000075
1000000076,RF27908818000001000000076
1000000077,RF97908818000001000000077
1000000078,RF70908818000001000000078
1000000079,RF43908818000001000000079
1000000080,RF16908818000001000000080
1000000081,RF86908818000001000000081
1000000082,RF59908818000001000000082
1000000083,RF32908818000001000000083
1000000084,RF05908818000001000000084
1000000085,RF75908818000001000000085
1000000086,RF48908818000001000000086
1000000087,RF21908818000001000000087
1000000088,RF91908818000001000000088
1000000089,RF64908818000001000000089
1000000091,RF10908818000001000000091
1000000092,RF80908818000001000000092
1000000093,RF53908818000001000000093
1000000096,RF69908818000001000000096
1000000097,RF42908818000001000000097
1000000099,RF85908818000001000000099
1000000102,RF04908818000001000000102
1000000104,RF47908818000001000000104
1000000105,RF20908818000001000000105
1000000106,RF90908818000001000000106
1000000107,RF63908818000001000000107
1000000108,RF36908818000001000000108
1000000109,RF09908818000001000000109
1000000110,RF79908818000001000000110
1000000111,RF52908818000001000000111
1000000112,RF25908818000001000000112
1000000113,RF95908818000001000000113
1000000119,RF30908818000001000000119
1000000120,RF03908818000001000000120
1000000123,RF19908818000001000000123
1000000126,RF35908818000001000000126
1000000130,RF24908818000001000000130
1000000131,RF94908818000001000000131
1000000134,RF13908818000001000000134
1000001447,RF64908818000001000001447
1000001448,RF37908818000001000001448
1000001449,RF10908818000001000001449
1000001450,RF80908818000001000001450
1000001451,RF53908818000001000001451
1000001452,RF26908818000001000001452
1000001453,RF96908818000001000001453
1000001454,RF69908818000001000001454
1000001455,RF42908818000001000001455
1000001456,RF15908818000001000001456
1000001459,RF31908818000001000001459
1000001460,RF04908818000001000001460
1000001461,RF74908818000001000001461
1000001462,RF47908818000001000001462
1000001463,RF20908818000001000001463
1000001465,RF63908818000001000001465
1000001469,RF52908818000001000001469
1000001474,RF14908818000001000001474
1000001480,RF46908818000001000001480
1000001485,RF08908818000001000001485
1000011000,RF56908818000001000011000
1000020001,RF14908818000001000020001
1000020004,RF30908818000001000020004
1000021003,RF23908818000001000021003
1000023002,RF79908818000001000023002
1000029001,RF96908818000001000029001
1000029004,RF15908818000001000029004
1000029007,RF31908818000001000029007
1000031000,RF55908818000001000031000
1000031001,RF28908818000001000031001
1000031002,RF98908818000001000031002
1000031005,RF17908818000001000031005
1000031006,RF87908818000001000031006
1000031008,RF33908818000001000031008
1000031011,RF49908818000001000031011
1000038000,RF11908818000001000038000
1000038001,RF81908818000001000038001
1000038002,RF54908818000001000038002
1000038003,RF27908818000001000038003
1000038004,RF97908818000001000038004
1000039000,RF74908818000001000039000
1000041001,RF76908818000001000041001
1000042000,RF69908818000001000042000
1000042001,RF42908818000001000042001
1000042002,RF15908818000001000042002
1000042003,RF85908818000001000042003
